'P2P Skype client login startup',
'P2P Skype client login',
AlienVault HIDS: Logon Failure - Account's password expired.,
AlienVault HIDS: Logon Failure - Unknown user or bad password.,
AlienVault HIDS: Logon Failure - User not granted logon type.,
AlienVault HIDS: Multiple XSS (Cross Site Scripting) attempts from same source ip.,
AlienVault HIDS: Multiple remote access login failures.,
AlienVault HIDS: Multiple web server 400 error codes from same source ip.,
AlienVault HIDS: SQL injection attempt.,
AlienVault HIDS: SSHD authentication success.,
AlienVault HIDS: SSHD brute force trying to get access to the system.,
AlienVault HIDS: Windows Logon Failure.,
AlienVault NIDS: 'BACKDOOR c99shell.php command request - cmd',
AlienVault NIDS: 'BACKDOOR c99shell.php command request - phpinfo',
AlienVault NIDS: 'BACKDOOR trojan.tdss.1.gen install-time detection - findzproportal1.com',
AlienVault NIDS: 'BACKDOOR trojan.tdss.1.gen install-time detection - yournewsblog.net',
AlienVault NIDS: 'BLACKLIST DNS request for known malware domain in6cs.com - Trojan.Win32.Tdss.beea',
AlienVault NIDS: 'BLACKLIST DNS request for known malware domain urodinam.net - Trojan.Win32.TDSS.azsj',
AlienVault NIDS: 'BOTNET-CNC Tidserv malware command and control channel traffic',
AlienVault NIDS: 'ET ATTACK RESPONSE C99 Modified phpshell detected',
AlienVault NIDS: 'ET ATTACK RESPONSE IRC - Channel JOIN on non-std port',
AlienVault NIDS: 'ET ATTACK RESPONSE IRC - DCC chat request on non-std port',
AlienVault NIDS: 'ET ATTACK RESPONSE IRC - Nick change on non-std port',
AlienVault NIDS: 'ET ATTACK RESPONSE IRC - Private message on non-std port',
AlienVault NIDS: 'ET ATTACK RESPONSE IRC - channel join on non-std port',
AlienVault NIDS: 'ET ATTACK RESPONSE IRC - dns request on non-std port',
AlienVault NIDS: 'ET ATTACK RESPONSE c99shell phpshell detected',
AlienVault NIDS: 'ET ATTACK RESPONSE lila.jpg phpshell detected',
AlienVault NIDS: 'ET ATTACK RESPONSE r57 phpshell footer detected',
AlienVault NIDS: 'ET ATTACK RESPONSE x2300 phpshell detected',
AlienVault NIDS: 'ET ATTACK_RESPONSE Frequent HTTP 401 Unauthorized - Possible Brute Force Attack',
AlienVault NIDS: 'ET CHAT MSN file transfer accept',
AlienVault NIDS: 'ET CHAT MSN file transfer reject',
AlienVault NIDS: 'ET CHAT MSN file transfer request',
AlienVault NIDS: 'ET CURRENT_EVENTS Blackhole Acrobat 1-7 PDF exploit download request 2',
AlienVault NIDS: 'ET CURRENT_EVENTS Blackhole Acrobat 8/9.3 PDF exploit download request 2',
AlienVault NIDS: 'ET CURRENT_EVENTS Blackhole Exploit Kit Landing Reporting Successful Java Compromise',
AlienVault NIDS: 'ET CURRENT_EVENTS Blackhole Exploit Pack HCP exploit 2',
AlienVault NIDS: 'ET CURRENT_EVENTS Blackhole Exploit Pack HCP exploit 3',
AlienVault NIDS: 'ET CURRENT_EVENTS Blackhole Exploit Pack HCP exploit',
AlienVault NIDS: 'ET CURRENT_EVENTS Blackhole Exploit Pack HCP overflow Media Player lt 10',
AlienVault NIDS: 'ET CURRENT_EVENTS Bredolab CnC URL Detected',
AlienVault NIDS: 'ET CURRENT_EVENTS Driveby Download Secondary Request',
AlienVault NIDS: 'ET CURRENT_EVENTS Generic Win32 Banker Trojan CheckIn',
AlienVault NIDS: 'ET CURRENT_EVENTS Likely Blackhole Exploit Kit Driveby ?b Download Secondary Request',
AlienVault NIDS: 'ET CURRENT_EVENTS Likely Blackhole Exploit Kit Driveby ?doit Download Secondary Request',
AlienVault NIDS: 'ET CURRENT_EVENTS Likely Blackhole Exploit Kit Driveby ?n Download Secondary Request',
AlienVault NIDS: 'ET CURRENT_EVENTS Likely Blackhole Exploit Kit Driveby ?page Download Secondary Request',
AlienVault NIDS: 'ET CURRENT_EVENTS Likely Blackhole Exploit Kit Driveby ?v Download Secondary Request',
AlienVault NIDS: 'ET CURRENT_EVENTS Likely TDS redirecting to exploit kit',
AlienVault NIDS: 'ET CURRENT_EVENTS MUROFET/Licat Trojan Checkin Forum',
AlienVault NIDS: 'ET CURRENT_EVENTS MUROFET/Licat Trojan',
AlienVault NIDS: 'ET CURRENT_EVENTS POST to /x48/x58/ Possible Zeus Version 3 Command and Control Server Traffic',
AlienVault NIDS: 'ET CURRENT_EVENTS Ponmocup C2 Malware Update after fake JPEG download',
AlienVault NIDS: 'ET CURRENT_EVENTS Ponmocup C2 Malware Update before fake JPEG download',
AlienVault NIDS: 'ET CURRENT_EVENTS Ponmocup C2 Sending Data to Controller 1',
AlienVault NIDS: 'ET CURRENT_EVENTS Ponmocup C2 Sending Data to Controller 2',
AlienVault NIDS: 'ET CURRENT_EVENTS Ponmocup Redirection from infected Website to Trojan-Downloader',
AlienVault NIDS: 'ET CURRENT_EVENTS Possible TDSS Trojan GET with xxxx_ string',
AlienVault NIDS: 'ET CURRENT_EVENTS Possible Zeus Version 3 Infection Posting Banking HTTP Log to Command and Control Server',
AlienVault NIDS: 'ET CURRENT_EVENTS SEO FAKE AV Win32.Ponmocup Checkin',
AlienVault NIDS: 'ET CURRENT_EVENTS SpyEye HTTP Library leaking information to C&C',
AlienVault NIDS: 'ET CURRENT_EVENTS SpyEye Post_Express_Label ftpgrabber check-in',
AlienVault NIDS: 'ET CURRENT_EVENTS SpyEye Post_Express_Label infection activity multi-stage download request',
AlienVault NIDS: 'ET CURRENT_EVENTS SpyEye Post_Express_Label infection activity to document.doc',
AlienVault NIDS: 'ET CURRENT_EVENTS TROJAN Likely TDSS Download (codex.exe)',
AlienVault NIDS: 'ET CURRENT_EVENTS TROJAN Likely TDSS Download (pcdef.exe)',
AlienVault NIDS: 'ET CURRENT_EVENTS Zbot update (av-i386-daily.zip)',
AlienVault NIDS: 'ET CURRENT_EVENTS Zbot update (av_base/ip.php)',
AlienVault NIDS: 'ET CURRENT_EVENTS Zbot update (av_base/pay.php)',
AlienVault NIDS: 'ET CURRENT_EVENTS Zeus Bot / Zbot Checkin (/us01d/in.php)',
AlienVault NIDS: 'ET DELETED - Blackhole Admin Login Inbound',
AlienVault NIDS: 'ET DELETED - Blackhole Admin Login Outbound',
AlienVault NIDS: 'ET DELETED BlackHole Landing Page /upinv.html',
AlienVault NIDS: 'ET DELETED BlackHole TKR Landing Page /last/index.php',
AlienVault NIDS: 'ET DELETED Blackhole - Blackhole Java Exploit request to spn.jar',
AlienVault NIDS: 'ET DELETED Blackhole - Jar File Naming Algorithm',
AlienVault NIDS: 'ET DELETED Blackhole - Landing Page Recieved - applet PluginDetect and 10hexchar title',
AlienVault NIDS: 'ET DELETED Blackhole Acrobat 1-7 PDF exploit download request 3',
AlienVault NIDS: 'ET DELETED Blackhole Acrobat 1-7 PDF exploit download request 4',
AlienVault NIDS: 'ET DELETED Blackhole Acrobat 1-7 PDF exploit download request 6',
AlienVault NIDS: 'ET DELETED Blackhole Acrobat 8/9.3 PDF exploit download request 4',
AlienVault NIDS: 'ET DELETED Blackhole Acrobat 8/9.3 PDF exploit download request 5',
AlienVault NIDS: 'ET DELETED Blackhole Acrobat 8/9.3 PDF exploit download request 6',
AlienVault NIDS: 'ET DELETED Blackhole Admin bhadmin.php access Inbound',
AlienVault NIDS: 'ET DELETED Blackhole Admin bhadmin.php access Outbound',
AlienVault NIDS: 'ET DELETED Blackhole Download Secondary Request ?pagpag',
AlienVault NIDS: 'ET DELETED Blackhole Eval Split String Obfuscation In Brackets',
AlienVault NIDS: 'ET DELETED Blackhole Exploit Kit Applet Code Rafa.Rafa 6th July 2012',
AlienVault NIDS: 'ET DELETED Blackhole Exploit Kit JAR from //Home/',
AlienVault NIDS: 'ET DELETED Blackhole Exploit Kit Java Exploit request to /Set1.jar 6th July 2012',
AlienVault NIDS: 'ET DELETED Blackhole Exploit Kit JavaScript colon string splitting',
AlienVault NIDS: 'ET DELETED Blackhole Exploit Kit JavaScript dotted quad hostile applet',
AlienVault NIDS: 'ET DELETED Blackhole Exploit Kit Landing - Aug 21 2012',
AlienVault NIDS: 'ET DELETED Blackhole Exploit Kit Landing Page Redirect.php Port 8080 Request',
AlienVault NIDS: 'ET DELETED Blackhole Exploit Kit Landing Page Structure',
AlienVault NIDS: 'ET DELETED Blackhole Exploit Kit Landing Page Try Renamed Prototype Catch - June 28th 2012',
AlienVault NIDS: 'ET DELETED Blackhole Exploit Kit Obfuscated Applet Value 6th July 2012',
AlienVault NIDS: 'ET DELETED Blackhole Exploit Kit Request tkr',
AlienVault NIDS: 'ET DELETED Blackhole Exploit Pack HCP exploit 4',
AlienVault NIDS: 'ET DELETED Blackhole Java Applet with Obfuscated URL 2',
AlienVault NIDS: 'ET DELETED Blackhole Java Exploit Recent Jar (1)',
AlienVault NIDS: 'ET DELETED Blackhole Java Exploit Recent Jar (2)',
AlienVault NIDS: 'ET DELETED Blackhole Java Exploit Recent Jar (3)',
AlienVault NIDS: 'ET DELETED Blackhole Java Exploit request similar to /content/jav.jar',
AlienVault NIDS: 'ET DELETED Blackhole Java Exploit request to /Cal.jar',
AlienVault NIDS: 'ET DELETED Blackhole Java Exploit request to /Klot.jar',
AlienVault NIDS: 'ET DELETED Blackhole Java Exploit request to /Pol.jar',
AlienVault NIDS: 'ET DELETED Blackhole Java Exploit request to /Set.jar',
AlienVault NIDS: 'ET DELETED Blackhole Java Exploit request to /content/jav2.jar',
AlienVault NIDS: 'ET DELETED Blackhole Java Exploit request to /content/rin.jar',
AlienVault NIDS: 'ET DELETED Blackhole Java Exploit request to /content/viewer.jar',
AlienVault NIDS: 'ET DELETED Blackhole Java Exploit request to Half.jar',
AlienVault NIDS: 'ET DELETED Blackhole Java applet with obfuscated URL 23 Aug 2012',
AlienVault NIDS: 'ET DELETED Blackhole Java applet with obfuscated URL 3',
AlienVault NIDS: 'ET DELETED Blackhole Java applet with obfuscated URL Nov 09 2012',
AlienVault NIDS: 'ET DELETED Blackhole Javascript 23 Aug 2012 split join split applet',
AlienVault NIDS: 'ET DELETED Blackhole Landing Page Applet Structure',
AlienVault NIDS: 'ET DELETED Blackhole Landing Page ChildNodes.Length - August 13th 2012',
AlienVault NIDS: 'ET DELETED Blackhole Landing Page Eval Variable Obfuscation 1',
AlienVault NIDS: 'ET DELETED Blackhole Landing Page Eval Variable Obfuscation 2',
AlienVault NIDS: 'ET DELETED Blackhole Landing Page Eval Variable Obfuscation 3',
AlienVault NIDS: 'ET DELETED Blackhole Landing Page Hwehes String - August 13th 2012',
AlienVault NIDS: 'ET DELETED Blackhole Landing Page Intial Structure - 8th August 2012',
AlienVault NIDS: 'ET DELETED Blackhole Landing Page JavaScript Replace - 13th August 2012',
AlienVault NIDS: 'ET DELETED Blackhole Landing Page JavaScript Split String Obfuscation of CharCode',
AlienVault NIDS: 'ET DELETED Blackhole Landing Page Obfuscated Javascript Blob',
AlienVault NIDS: 'ET DELETED Blackhole Landing Page Obfuscated Please wait Message',
AlienVault NIDS: 'ET DELETED Blackhole Landing Page Script Profile ASD',
AlienVault NIDS: 'ET DELETED Blackhole Landing Page Split String Obfuscated Math Floor - July 19th 2012',
AlienVault NIDS: 'ET DELETED Blackhole Landing Page getElementByID Qwe - May 22nd 2012',
AlienVault NIDS: 'ET DELETED Blackhole Landing Please wait a moment Jun 20 2012',
AlienVault NIDS: 'ET DELETED Blackhole Landing Try Prototype Catch Jun 18 2012',
AlienVault NIDS: 'ET DELETED Blackhole Landing for Loading prototype catch',
AlienVault NIDS: 'ET DELETED Blackhole Landing for prototype catch substr',
AlienVault NIDS: 'ET DELETED Blackhole Landing try catch try catch math eval Aug 27 2012',
AlienVault NIDS: 'ET DELETED Blackhole Landing with prototype catch',
AlienVault NIDS: 'ET DELETED Blackhole Likely Flash exploit download request score.swf',
AlienVault NIDS: 'ET DELETED Blackhole Loading Gif Inline Image',
AlienVault NIDS: 'ET DELETED Blackhole Malicious PDF asdvsa',
AlienVault NIDS: 'ET DELETED Blackhole Malicious PDF qweqwe=',
AlienVault NIDS: 'ET DELETED Blackhole OBE Java Exploit request to /content/obe.jar',
AlienVault NIDS: 'ET DELETED Blackhole PDF Payload Request With Double Colon',
AlienVault NIDS: 'ET DELETED Blackhole PDF Payload Request',
AlienVault NIDS: 'ET DELETED Blackhole RawValue Exploit PDF',
AlienVault NIDS: 'ET DELETED Blackhole RawValue Specific Exploit PDF',
AlienVault NIDS: 'ET DELETED Blackhole Redirection Page Try Math.Round Catch - 7th August 2012',
AlienVault NIDS: 'ET DELETED Blackhole Redirection Page You Will Be Forwarded - 7th August 2012',
AlienVault NIDS: 'ET DELETED Blackhole Replace JavaScript Large Obfuscated Blob - August 3rd 2012',
AlienVault NIDS: 'ET DELETED Blackhole Rhino Java Exploit request to /content/rino.jar',
AlienVault NIDS: 'ET DELETED Blackhole Rhino Java Exploit request to /content/v1.jar',
AlienVault NIDS: 'ET DELETED Blackhole Specific JavaScript Replace hwehes - 8th August 2012',
AlienVault NIDS: 'ET DELETED Blackhole Tax Landing Page with JavaScript Attack',
AlienVault NIDS: 'ET DELETED Blackhole Try App.title Catch - May 22nd 2012',
AlienVault NIDS: 'ET DELETED Blackhole Try Prototype Catch June 11 2012',
AlienVault NIDS: 'ET DELETED Blackhole Try Prototype Catch May 11 2012',
AlienVault NIDS: 'ET DELETED Blackhole Try Prototype Catch May 14 2012',
AlienVault NIDS: 'ET DELETED Blackhole alt URL request Sep 05 2012 bv6rcs3v1ithi.php?w=',
AlienVault NIDS: 'ET DELETED Blackhole obfuscated Java EXE Download by Vulnerable Version - Likely Driveby',
AlienVault NIDS: 'ET DELETED Blackhole obfuscated Javascript 171 charcodes >= 48',
AlienVault NIDS: 'ET DELETED Blackhole qwe123 PDF',
AlienVault NIDS: 'ET DELETED Blackhole repetitive applet/code tag',
AlienVault NIDS: 'ET DELETED Blackhole try eval prototype string splitting evasion Jul 24 2012',
AlienVault NIDS: 'ET DELETED Blackhole-like Java Exploit request to .jar?t=',
AlienVault NIDS: 'ET DELETED Blackhole/Cool jnlp URI Struct',
AlienVault NIDS: 'ET DELETED Blackhole2 - Landing Page Received',
AlienVault NIDS: 'ET DELETED DRIVEBY Blackhole - Help and Control Panel Exploit Request',
AlienVault NIDS: 'ET DELETED DRIVEBY Blackhole - Injected Page Leading To Driveby',
AlienVault NIDS: 'ET DELETED DRIVEBY Blackhole - Landing Page Recieved - applet and flowbit',
AlienVault NIDS: 'ET DELETED DRIVEBY Blackhole - Landing Page Requested - *.php?*=16HexCharacters in http_uri',
AlienVault NIDS: 'ET DELETED DRIVEBY Blackhole - Landing Page Requested - /Home/index.php',
AlienVault NIDS: 'ET DELETED DRIVEBY Blackhole - Page redirecting to driveby',
AlienVault NIDS: 'ET DELETED DRIVEBY Blackhole - Payload Download - about.exe',
AlienVault NIDS: 'ET DELETED DRIVEBY Blackhole - Payload Download - calc.exe',
AlienVault NIDS: 'ET DELETED DRIVEBY Blackhole - Payload Download - contacts.exe',
AlienVault NIDS: 'ET DELETED DRIVEBY Blackhole - Payload Download - info.exe',
AlienVault NIDS: 'ET DELETED DRIVEBY Blackhole - Payload Download - readme.exe',
AlienVault NIDS: 'ET DELETED DRIVEBY Blackhole - Payload Download - scandsk.exe',
AlienVault NIDS: 'ET DELETED DRIVEBY Blackhole Landing Page applet param window.document',
AlienVault NIDS: 'ET DELETED DRIVEBY Blackhole Likely Flash Exploit Request /field.swf',
AlienVault NIDS: 'ET DELETED DRIVEBY Blackhole PDF Exploit Request /fdp2.php',
AlienVault NIDS: 'ET DELETED DRIVEBY Blackhole client=done Cookie Present',
AlienVault NIDS: 'ET DELETED DRIVEBY Blackhole client=done Cookie Set',
AlienVault NIDS: 'ET DELETED DRIVEBY Blackhole2 - Landing Page Received',
AlienVault NIDS: 'ET DELETED High Probability Blackhole Landing with catch qq',
AlienVault NIDS: 'ET DELETED INBOUND Blackhole Java Exploit request similar to /content/jav.jar',
AlienVault NIDS: 'ET DELETED Initial Blackhole Landing - Verizon Balance Due Jun 15 2012',
AlienVault NIDS: 'ET DELETED Initial Blackhole Landing .prototype.q catch with split',
AlienVault NIDS: 'ET DELETED Initial Blackhole Landing Loading... Please Wait',
AlienVault NIDS: 'ET DELETED Initial Blackhole Landing Loading... Wait Please',
AlienVault NIDS: 'ET DELETED Likely Blackhole Exploit Kit Driveby ?id Download Secondary Request',
AlienVault NIDS: 'ET DELETED Likely Blackhole PDF served from iframe',
AlienVault NIDS: 'ET DELETED Obfuscated Javascript redirecting to Blackhole June 7 2012',
AlienVault NIDS: 'ET DELETED Outdated Mac Flash Version',
AlienVault NIDS: 'ET DELETED PoisonIvy.Eks Keepalive to CnC',
AlienVault NIDS: 'ET DELETED PoisonIvy.Esf Keepalive to CnC',
AlienVault NIDS: 'ET DELETED Possible Blackhole Landing to 7-8 chr folder plus index.htm or index.html',
AlienVault NIDS: 'ET DELETED Possible Blackhole Landing to 8 chr folder plus index.html',
AlienVault NIDS: 'ET DELETED Possible Blackhole Landing to 8 chr folder plus js.js',
AlienVault NIDS: 'ET DELETED Possible Exploit Kit Delivering Executable to Client',
AlienVault NIDS: 'ET DELETED Possible Request for Blackhole Exploit Kit Landing Page - src.php?case=',
AlienVault NIDS: 'ET DELETED Request For Blackhole Landing Page Go.php',
AlienVault NIDS: 'ET DELETED Unknown Malware Checkin Possibly ZeuS',
AlienVault NIDS: 'ET DELETED W32/DarkComet Second Stage Download Request',
AlienVault NIDS: 'ET DELETED ZeuS - ICE-IX cid= in cookie',
AlienVault NIDS: 'ET DELETED Zeus CnC Checkin POST to Config.php',
AlienVault NIDS: 'ET DELETED Zeus POST Request to CnC - content-type variation',
AlienVault NIDS: 'ET EXPLOIT VNC Multiple Authentication Failures',
AlienVault NIDS: 'ET INFO EXE - Served Attached HTTP',
AlienVault NIDS: 'ET INFO EXE - Served Inline HTTP',
AlienVault NIDS: 'ET MALWARE Possible Windows executable sent when remote host claims to send a Text File',
AlienVault NIDS: 'ET MALWARE Sinowal/sinonet/mebroot infected host POSTing process list',
AlienVault NIDS: 'ET MALWARE Sinowal/sinonet/mebroot infected host checkin',
AlienVault NIDS: 'ET MALWARE Win32.Bublik.B/Birele/Variant.Kazy.66443 Checkin',
AlienVault NIDS: 'ET P2P ABC Torrent User-Agent (ABC/ABC-3.1.0)',
AlienVault NIDS: 'ET P2P Azureus P2P Client User-Agent',
AlienVault NIDS: 'ET P2P BTWebClient UA uTorrent in use',
AlienVault NIDS: 'ET P2P BitTorrent DHT announce_peers request',
AlienVault NIDS: 'ET P2P BitTorrent DHT find_node request',
AlienVault NIDS: 'ET P2P BitTorrent DHT get_peers request',
AlienVault NIDS: 'ET P2P BitTorrent DHT nodes reply',
AlienVault NIDS: 'ET P2P BitTorrent DHT ping request',
AlienVault NIDS: 'ET P2P BitTorrent Traffic',
AlienVault NIDS: 'ET P2P BitTorrent peer sync',
AlienVault NIDS: 'ET P2P Bittorrent P2P Client HTTP Request ',
AlienVault NIDS: 'ET P2P Bittorrent P2P Client User-Agent (BTSP)',
AlienVault NIDS: 'ET P2P Bittorrent P2P Client User-Agent (BitComet)',
AlienVault NIDS: 'ET P2P Bittorrent P2P Client User-Agent (BitTornado)',
AlienVault NIDS: 'ET P2P Bittorrent P2P Client User-Agent (Bittorrent/5.x.x)',
AlienVault NIDS: 'ET P2P Bittorrent P2P Client User-Agent (Deluge 1.x.x)',
AlienVault NIDS: 'ET P2P Bittorrent P2P Client User-Agent (Enhanced CTorrent 3.x)',
AlienVault NIDS: 'ET P2P Bittorrent P2P Client User-Agent (FDM 3.x)',
AlienVault NIDS: 'ET P2P Bittorrent P2P Client User-Agent (KTorrent 2.x)',
AlienVault NIDS: 'ET P2P Bittorrent P2P Client User-Agent (KTorrent/3.x.x)',
AlienVault NIDS: 'ET P2P Bittorrent P2P Client User-Agent (Opera/10.x)',
AlienVault NIDS: 'ET P2P Bittorrent P2P Client User-Agent (Transmission/1.x)',
AlienVault NIDS: 'ET P2P Bittorrent P2P Client User-Agent (rTorrent)',
AlienVault NIDS: 'ET P2P Bittorrent P2P Client User-Agent (uTorrent)',
AlienVault NIDS: 'ET P2P Edonkey Client to Server Hello',
AlienVault NIDS: 'ET P2P Edonkey Connect Reply and Server List',
AlienVault NIDS: 'ET P2P Edonkey Connect Request',
AlienVault NIDS: 'ET P2P Edonkey Get Sources Request (by hash)',
AlienVault NIDS: 'ET P2P Edonkey IP Query End',
AlienVault NIDS: 'ET P2P Edonkey IP Reply',
AlienVault NIDS: 'ET P2P Edonkey IP Request',
AlienVault NIDS: 'ET P2P Edonkey Publicize File ACK',
AlienVault NIDS: 'ET P2P Edonkey Publicize File',
AlienVault NIDS: 'ET P2P Edonkey Search Reply',
AlienVault NIDS: 'ET P2P Edonkey Search Request (any type file)',
AlienVault NIDS: 'ET P2P Edonkey Search Request (by file hash)',
AlienVault NIDS: 'ET P2P Edonkey Search Request (search by name)',
AlienVault NIDS: 'ET P2P Edonkey Server List',
AlienVault NIDS: 'ET P2P Edonkey Server Message',
AlienVault NIDS: 'ET P2P Edonkey Server Status',
AlienVault NIDS: 'ET P2P Libtorrent User-Agent',
AlienVault NIDS: 'ET P2P Vuze BT Connection',
AlienVault NIDS: 'ET P2P Vuze BT UDP Connection (2)',
AlienVault NIDS: 'ET P2P Vuze BT UDP Connection (3)',
AlienVault NIDS: 'ET P2P Vuze BT UDP Connection (4)',
AlienVault NIDS: 'ET P2P Vuze BT UDP Connection (5)',
AlienVault NIDS: 'ET P2P Vuze BT UDP Connection',
AlienVault NIDS: 'ET P2P eDonkey File Status Request',
AlienVault NIDS: 'ET P2P eDonkey File Status',
AlienVault NIDS: 'ET P2P eDonkey Server Status Request',
AlienVault NIDS: 'ET P2P eDonkey Server Status',
AlienVault NIDS: 'ET P2P ed2k file request answer',
AlienVault NIDS: 'ET P2P ed2k request part',
AlienVault NIDS: 'ET POLICY Binary Download Smaller than 1 MB Likely Hostile',
AlienVault NIDS: 'ET POLICY GNU/Linux APT User-Agent Outbound likely related to package management',
AlienVault NIDS: 'ET POLICY GNU/Linux YUM User-Agent Outbound likely related to package management',
AlienVault NIDS: 'ET POLICY General MSN Chat Activity',
AlienVault NIDS: 'ET POLICY Google IM traffic Jabber client sign-on',
AlienVault NIDS: 'ET POLICY Google Talk (Jabber) Client Login',
AlienVault NIDS: 'ET POLICY Google Talk TLS Client Traffic',
AlienVault NIDS: 'ET POLICY MS Remote Desktop Administrator Login Request',
AlienVault NIDS: 'ET POLICY MS Remote Desktop POS User Login Request',
AlienVault NIDS: 'ET POLICY MS Remote Desktop Service User Login Request',
AlienVault NIDS: 'ET POLICY MS Terminal Server Root login',
AlienVault NIDS: 'ET POLICY MSN Game Loading',
AlienVault NIDS: 'ET POLICY MSN IM Poll via HTTP',
AlienVault NIDS: 'ET POLICY MSN status change',
AlienVault NIDS: 'ET POLICY Outdated Flash Version M1',
AlienVault NIDS: 'ET POLICY PE EXE or DLL Windows file download',
AlienVault NIDS: 'ET POLICY Possible MSN Messenger File Transfer',
AlienVault NIDS: 'ET POLICY Skype Bootstrap Node (udp)',
AlienVault NIDS: 'ET POLICY Skype User-Agent detected',
AlienVault NIDS: 'ET POLICY Skype VOIP Checking Version (Startup)',
AlienVault NIDS: 'ET POLICY Skype VOIP Reporting Install',
AlienVault NIDS: 'ET POLICY Suspicious Executable (PE offset 160)',
AlienVault NIDS: 'ET POLICY Suspicious Executable (PE offset 512)',
AlienVault NIDS: 'ET POLICY Suspicious Executable (PE under 128)',
AlienVault NIDS: 'ET POLICY Suspicious Windows Executable CreateRemoteThread',
AlienVault NIDS: 'ET POLICY Suspicious Windows Executable WriteProcessMemory',
AlienVault NIDS: 'ET POLICY TeamViewer Dyngate User-Agent',
AlienVault NIDS: 'ET POLICY TeamViewier Keep-alive inbound',
AlienVault NIDS: 'ET POLICY Vulnerable Java Version 1.4.x Detected',
AlienVault NIDS: 'ET POLICY Vulnerable Java Version 1.5.x Detected',
AlienVault NIDS: 'ET POLICY Vulnerable Java Version 1.6.x Detected',
AlienVault NIDS: 'ET POLICY Vulnerable Java Version 1.7.x Detected',
AlienVault NIDS: 'ET SCAN Behavioral Unusual Port 139 traffic, Potential Scan or Infection',
AlienVault NIDS: 'ET SCAN Behavioral Unusual Port 445 traffic, Potential Scan or Infection',
AlienVault NIDS: 'ET SCAN Behavioral Unusually fast Terminal Server Traffic, Potential Scan or Infection',
AlienVault NIDS: 'ET SCAN DirBuster Scan in Progress',
AlienVault NIDS: 'ET SCAN DirBuster Web App Scan in Progress',
AlienVault NIDS: 'ET SCAN LibSSH Based SSH Connection - Often used as a BruteForce Tool',
AlienVault NIDS: 'ET SCAN Nikto Web App Scan in Progress',
AlienVault NIDS: 'ET SCAN Potential FTP Brute-Force attempt',
AlienVault NIDS: 'ET SCAN Potential SSH Scan OUTBOUND',
AlienVault NIDS: 'ET SCAN Potential SSH Scan',
AlienVault NIDS: 'ET SCAN Potential VNC Scan 5800-5820',
AlienVault NIDS: 'ET SCAN Potential VNC Scan 5900-5920',
AlienVault NIDS: 'ET SCAN Sivus VOIP Vulnerability Scanner SIP Scan',
AlienVault NIDS: 'ET SCAN Skipfish Web Application Scan Detected (2)',
AlienVault NIDS: 'ET SCAN Skipfish Web Application Scan Detected',
AlienVault NIDS: 'ET SCAN sipscan probe',
AlienVault NIDS: 'ET TROJAN - Possible Zeus/Perkesh (.bin) configuration download',
AlienVault NIDS: 'ET TROJAN ASProtect/ASPack Packed Binary - Likely Hostile',
AlienVault NIDS: 'ET TROJAN BKDR_BTMINE.MNR BitCoin Miner Retrieving New IP Addresses From Server',
AlienVault NIDS: 'ET TROJAN BKDR_BTMINE.MNR BitCoin Miner Retrieving New Malware From Server',
AlienVault NIDS: 'ET TROJAN BKDR_BTMINE.MNR BitCoin Miner Retrieving Server IP Addresses',
AlienVault NIDS: 'ET TROJAN BKDR_BTMINE.MNR BitCoin Miner Server Checkin',
AlienVault NIDS: 'ET TROJAN Backdoor.Win32.Aldibot.A Checkin',
AlienVault NIDS: 'ET TROJAN Backdoor.Win32.Aldibot.A User-Agent (Aldi Bot)',
AlienVault NIDS: 'ET TROJAN Backdoor.Win32.Fynloski.A Checkin Inbound',
AlienVault NIDS: 'ET TROJAN Backdoor.Win32.Fynloski.A Checkin Outbound',
AlienVault NIDS: 'ET TROJAN Backdoor.Win32.Fynloski.A Command Response',
AlienVault NIDS: 'ET TROJAN Bancos User-Agent Detected',
AlienVault NIDS: 'ET TROJAN Bancos/Banker Info Stealer Post',
AlienVault NIDS: 'ET TROJAN Banker/Bancos/Infostealer Possible Rootkit - HTTP HEAD Request',
AlienVault NIDS: 'ET TROJAN BlackEnergy v2.x HTTP Request with Encrypted Variables',
AlienVault NIDS: 'ET TROJAN BlackEnergy v2.x Plugin Download Request',
AlienVault NIDS: 'ET TROJAN Blackenergy Bot Checkin to C&C (2)',
AlienVault NIDS: 'ET TROJAN Blackenergy Bot Checkin to C&C',
AlienVault NIDS: 'ET TROJAN Bredolab Check In',
AlienVault NIDS: 'ET TROJAN Bredolab Downloader Communicating With Controller (1)',
AlienVault NIDS: 'ET TROJAN Bredolab Downloader Communicating With Controller (2)',
AlienVault NIDS: 'ET TROJAN Bredolab Infection - Windows Key',
AlienVault NIDS: 'ET TROJAN Butterfly/Mariposa Bot Join Acknowledgment',
AlienVault NIDS: 'ET TROJAN Butterfly/Mariposa Bot client init connection',
AlienVault NIDS: 'ET TROJAN Chorns/Poison Ivy related Backdoor Initial Connection',
AlienVault NIDS: 'ET TROJAN Chorns/Poison Ivy related Backdoor Keep Alive',
AlienVault NIDS: 'ET TROJAN Conficker/MS08-067 Worm Traffic Outbound',
AlienVault NIDS: 'ET TROJAN DarkComet-RAT Client Keepalive',
AlienVault NIDS: 'ET TROJAN DarkComet-RAT server join acknowledgement',
AlienVault NIDS: 'ET TROJAN Darkness DDoS Bot Checkin',
AlienVault NIDS: 'ET TROJAN Dirt Jumper/Russkill3 Checkin',
AlienVault NIDS: 'ET TROJAN Downadup/Conficker A or B Worm reporting',
AlienVault NIDS: 'ET TROJAN Downloader-5265/Torpig/Anserin/Sinowal Unique UA (MSID [...)',
AlienVault NIDS: 'ET TROJAN Downloader.Win32.Zlob.bgs Checkin(1)',
AlienVault NIDS: 'ET TROJAN Downloader.Win32.Zlob.bgs Checkin(2)',
AlienVault NIDS: 'ET TROJAN FSG Packed Binary via HTTP Inbound',
AlienVault NIDS: 'ET TROJAN Fareit/Pony Downloader Checkin 2',
AlienVault NIDS: 'ET TROJAN Fareit/Pony Downloader Checkin 3',
AlienVault NIDS: 'ET TROJAN FlashBack Mac OSX malware Checkin',
AlienVault NIDS: 'ET TROJAN General Downloader or Virut C&C Ack',
AlienVault NIDS: 'ET TROJAN IRC JOIN command',
AlienVault NIDS: 'ET TROJAN IRC NICK command',
AlienVault NIDS: 'ET TROJAN IRC PING command',
AlienVault NIDS: 'ET TROJAN IRC PONG response',
AlienVault NIDS: 'ET TROJAN IRC PRIVMSG command',
AlienVault NIDS: 'ET TROJAN IRC USER command',
AlienVault NIDS: 'ET TROJAN Kazy/Kryptic Checkin with Opera/9 User-Agent',
AlienVault NIDS: 'ET TROJAN Kazy/Kryptor/Cycbot Trojan Checkin 2',
AlienVault NIDS: 'ET TROJAN Kazy/Kryptor/Cycbot Trojan Checkin 3',
AlienVault NIDS: 'ET TROJAN MBR Trojan (Sinowal/Mebroot/) Phoning Home',
AlienVault NIDS: 'ET TROJAN Mac Flashback Checkin 1',
AlienVault NIDS: 'ET TROJAN Mac Flashback Checkin 2',
AlienVault NIDS: 'ET TROJAN Mac Flashback Checkin 3',
AlienVault NIDS: 'ET TROJAN OSX/Flashback.K first execution checkin',
AlienVault NIDS: 'ET TROJAN OSX/Flashback.K/I User-Agent',
AlienVault NIDS: 'ET TROJAN OSX/Flashback.K/I reporting failed infection',
AlienVault NIDS: 'ET TROJAN OSX/Flashback.K/I reporting successful infection 2',
AlienVault NIDS: 'ET TROJAN OSX/Flashback.K/I reporting successful infection',
AlienVault NIDS: 'ET TROJAN P2P Zeus or ZeroAccess Request To CnC',
AlienVault NIDS: 'ET TROJAN PECompact2 Packed Binary - Likely Hostile',
AlienVault NIDS: 'ET TROJAN PRG/wnspoem/Zeus InfoStealer Trojan Config Download',
AlienVault NIDS: 'ET TROJAN PWSteal.Bancos Generic Banker Trojan SCR Download',
AlienVault NIDS: 'ET TROJAN Palevo (OUTBOUND)',
AlienVault NIDS: 'ET TROJAN Palevo/BFBot/Mariposa client join attempt',
AlienVault NIDS: 'ET TROJAN Perfect Keylogger FTP Initial Install Log Upload',
AlienVault NIDS: 'ET TROJAN Perfect Keylogger FTP Log Upload',
AlienVault NIDS: 'ET TROJAN Perfect Keylogger Install Email Report',
AlienVault NIDS: 'ET TROJAN Poisionivy RAT/Backdoor follow on POST Data PUSH Packet',
AlienVault NIDS: 'ET TROJAN Poison Ivy Key Exchange with CnC Response',
AlienVault NIDS: 'ET TROJAN PoisonIvy.E Keepalive to CnC',
AlienVault NIDS: 'ET TROJAN PoisonIvy.Ehy Keepalive to CnC',
AlienVault NIDS: 'ET TROJAN PoisonIvy.Emp Keepalive to CnC',
AlienVault NIDS: 'ET TROJAN PoisonIvy.Es11 Keepalive to CnC',
AlienVault NIDS: 'ET TROJAN PoisonIvy.Eu2 Keepalive to CnC',
AlienVault NIDS: 'ET TROJAN PoisonIvy.Eu3 Keepalive to CnC',
AlienVault NIDS: 'ET TROJAN PoisonIvy.Eu4 Keepalive to CnC',
AlienVault NIDS: 'ET TROJAN PoisonIvy.Eu5 Keepalive from CnC',
AlienVault NIDS: 'ET TROJAN PoisonIvy.Eu5 Keepalive to CnC',
AlienVault NIDS: 'ET TROJAN PoisonIvy.Eu6 Keepalive to CnC',
AlienVault NIDS: 'ET TROJAN Possible TDSS Base64 Encoded Command 1',
AlienVault NIDS: 'ET TROJAN Possible TDSS Base64 Encoded Command 2',
AlienVault NIDS: 'ET TROJAN Possible TDSS Base64 Encoded Command 3',
AlienVault NIDS: 'ET TROJAN Possible TDSS User-Agent CMD3',
AlienVault NIDS: 'ET TROJAN Possible Variant.Kazy.53640 Malformed Client Hello SSL 3.0 (Cipher_Suite length greater than Client_Hello Length)',
AlienVault NIDS: 'ET TROJAN Possible Variant.Kazy.53640 Malformed Client Hello SSL 3.0 (Session_Id length greater than Client_Hello Length)',
AlienVault NIDS: 'ET TROJAN Potential Blackhole Exploit Pack Binary Load Request 2',
AlienVault NIDS: 'ET TROJAN Potential Blackhole Exploit Pack Binary Load Request',
AlienVault NIDS: 'ET TROJAN Renos/ssd.com HTTP Checkin',
AlienVault NIDS: 'ET TROJAN Request for utu.dat Likely Ponmocup checkin',
AlienVault NIDS: 'ET TROJAN Rootkit TDSS/Alureon Checkin 2',
AlienVault NIDS: 'ET TROJAN Sality - Fake Opera User-Agent (Opera/8.89)',
AlienVault NIDS: 'ET TROJAN Sality - Fake Opera User-Agent',
AlienVault NIDS: 'ET TROJAN Sality Variant Checkin Activity',
AlienVault NIDS: 'ET TROJAN Sality Variant Downloader Activity (2)',
AlienVault NIDS: 'ET TROJAN Sality Variant Downloader Activity (3)',
AlienVault NIDS: 'ET TROJAN Sality Variant Downloader Activity',
AlienVault NIDS: 'ET TROJAN Sinowal/Mebroot Client POST',
AlienVault NIDS: 'ET TROJAN Sinowal/Torpig Checkin',
AlienVault NIDS: 'ET TROJAN Spoofed MSIE 7 User-Agent Likely Ponmocup',
AlienVault NIDS: 'ET TROJAN SpyEye Bot Checkin',
AlienVault NIDS: 'ET TROJAN SpyEye C&C Check-in URI',
AlienVault NIDS: 'ET TROJAN SpyEye Checkin version 1.3.25 or later 2',
AlienVault NIDS: 'ET TROJAN SpyEye Checkin version 1.3.25 or later 3',
AlienVault NIDS: 'ET TROJAN SpyEye Checkin version 1.3.25 or later',
AlienVault NIDS: 'ET TROJAN SpyEye POSTing data',
AlienVault NIDS: 'ET TROJAN Suspicious User Agent (Zlob Related) (UA00000)',
AlienVault NIDS: 'ET TROJAN Syrutrk/Gibon/Bredolab Checkin',
AlienVault NIDS: 'ET TROJAN TDSS/TDL/Alureon MBR rootkit Checkin',
AlienVault NIDS: 'ET TROJAN TDSServ or Tidserv variant Checkin',
AlienVault NIDS: 'ET TROJAN TLD4 Purple Haze Variant Initial CnC Request for Ad Servers',
AlienVault NIDS: 'ET TROJAN TR/Rimecud.aksa User-Agent (indy)',
AlienVault NIDS: 'ET TROJAN TSPY_BANKER.IDV/Infostealer.Bancos Module Download',
AlienVault NIDS: 'ET TROJAN Trojan Internet Connectivity Check',
AlienVault NIDS: 'ET TROJAN Trojan Sinowal Phoning Home',
AlienVault NIDS: 'ET TROJAN VMProtect Packed Binary Inbound via HTTP - Likely Hostile',
AlienVault NIDS: 'ET TROJAN Virus.Win32.Sality.aa Checkin',
AlienVault NIDS: 'ET TROJAN Virut Counter/Check-in ',
AlienVault NIDS: 'ET TROJAN Virut Family GET',
AlienVault NIDS: 'ET TROJAN Virut/Virutas/Virtob/QQHelper Dropper Family - HTTP GET',
AlienVault NIDS: 'ET TROJAN W32.Gimemo/Aldibot CnC POST',
AlienVault NIDS: 'ET TROJAN W32.Virut.A joining an IRC Channel',
AlienVault NIDS: 'ET TROJAN W32/Kazy Checkin',
AlienVault NIDS: 'ET TROJAN W32/Rimecud User Agent beat',
AlienVault NIDS: 'ET TROJAN W32/Sality Executable Pack Digital Signature ASCII Marker',
AlienVault NIDS: 'ET TROJAN Win32.Agent.zrm/Infostealer.Bancos Checkin',
AlienVault NIDS: 'ET TROJAN Win32.Sality User-Agent (DEBUT.TMP)',
AlienVault NIDS: 'ET TROJAN Win32.Sality User-Agent (Internet Explorer 5.01)',
AlienVault NIDS: 'ET TROJAN Win32.Tdss User Agent Detected (Mozzila)',
AlienVault NIDS: 'ET TROJAN Win32.Virut - GET',
AlienVault NIDS: 'ET TROJAN Win32/Ponmocup.A Checkin',
AlienVault NIDS: 'ET TROJAN Win32/Rimecud download',
AlienVault NIDS: 'ET TROJAN Win32/Rimecud.A User-Agent (counters)',
AlienVault NIDS: 'ET TROJAN Win32/Rimecud.A User-Agent (giftz)',
AlienVault NIDS: 'ET TROJAN Win32/Rimecud.A User-Agent (needit)',
AlienVault NIDS: 'ET TROJAN Win32/Virut.BN Checkin',
AlienVault NIDS: 'ET TROJAN X-Tag Zeus Mitmo user agent',
AlienVault NIDS: 'ET TROJAN Xilcter/Zeus related malware dropper reporting in',
AlienVault NIDS: 'ET TROJAN Zbot CnC GET /lost.dat',
AlienVault NIDS: 'ET TROJAN Zbot CnC POST /common/timestamps.php',
AlienVault NIDS: 'ET TROJAN Zbot CnC POST /common/versions.php',
AlienVault NIDS: 'ET TROJAN Zbot/Zeus C&C Access',
AlienVault NIDS: 'ET TROJAN Zbot/Zeus Dropper Infection - /check',
AlienVault NIDS: 'ET TROJAN Zbot/Zeus Dropper Infection - /loads.php',
AlienVault NIDS: 'ET TROJAN Zbot/Zeus HTTP POST',
AlienVault NIDS: 'ET TROJAN Zbot/Zeus or Related Infection Checkin',
AlienVault NIDS: 'ET TROJAN ZeroAccess HTTP GET request',
AlienVault NIDS: 'ET TROJAN ZeroAccess Outbound udp traffic detected',
AlienVault NIDS: 'ET TROJAN ZeroAccess udp traffic detected',
AlienVault NIDS: 'ET TROJAN ZeroAccess/Max++ Rootkit C&C Activity 1',
AlienVault NIDS: 'ET TROJAN ZeroAccess/Max++ Rootkit C&C Activity 2',
AlienVault NIDS: 'ET TROJAN ZeuS Clickfraud List Delivered To Client',
AlienVault NIDS: 'ET TROJAN ZeuS Ransomware win_unlock',
AlienVault NIDS: 'ET TROJAN Zeus Bot GET to Google checking Internet connectivity using proxy',
AlienVault NIDS: 'ET TROJAN Zeus Bot GET to Google checking Internet connectivity',
AlienVault NIDS: 'ET TROJAN Zeus Bot Request to CnC 2',
AlienVault NIDS: 'ET TROJAN Zeus Bot Request to CnC',
AlienVault NIDS: 'ET TROJAN Zeus Checkin Header Pattern',
AlienVault NIDS: 'ET TROJAN Zeus POST Request to CnC - URL agnostic',
AlienVault NIDS: 'ET TROJAN Zeus POST Request to CnC - cookie variation',
AlienVault NIDS: 'ET TROJAN Zeus POST Request to CnC sk1 and bn1 post parameters',
AlienVault NIDS: 'ET TROJAN Zeus POST Request to CnC',
AlienVault NIDS: 'ET TROJAN Zeus/Aeausuc or Unknown P2P Bot',
AlienVault NIDS: 'ET TROJAN Zeus/Reveton checkin to /images.rar',
AlienVault NIDS: 'ET TROJAN Zlob HTTP Checkin',
AlienVault NIDS: 'ET TROJAN Zlob Initial Check-in Version 2 (confirm.php?sid=)',
AlienVault NIDS: 'ET TROJAN Zlob Updating via HTTP (v2)',
AlienVault NIDS: 'ET TROJAN Zlob Updating via HTTP',
AlienVault NIDS: 'ET USER_AGENTS Spoofed MSIE 8 User-Agent Likely Ponmocup',
AlienVault NIDS: 'ET USER_AGENTS W32/Kazy User-Agent (Windows NT 5.1 \,
AlienVault NIDS: 'ET USER_AGENTS W32/Renos.Downloader User Agent zeroup',
AlienVault NIDS: 'ET VIRUS Sality Virus User Agent Detected (KUKU)',
AlienVault NIDS: 'ET VIRUS Zlob User Agent - Likely Zlob (securityinternet)',
AlienVault NIDS: 'ET VIRUS Zlob User Agent - updating (Winlogon)',
AlienVault NIDS: 'ET VIRUS Zlob User Agent - updating (internetsecurity)',
AlienVault NIDS: 'ET VIRUS Zlob User Agent - updating (unknown)',
AlienVault NIDS: 'ET VOIP Multiple Unauthorized SIP Responses TCP',
AlienVault NIDS: 'ET WEB_SERVER MYSQL SELECT CONCAT SQL Injection Attempt',
AlienVault NIDS: 'ET WEB_SERVER Possible ALTER SQL Injection Attempt',
AlienVault NIDS: 'ET WEB_SERVER Possible CREATE SQL Injection Attempt',
AlienVault NIDS: 'ET WEB_SERVER Possible DROP SQL Injection Attempt',
AlienVault NIDS: 'ET WEB_SERVER Possible GRANT TO SQL Injection Attempt',
AlienVault NIDS: 'ET WEB_SERVER Possible INSERT VALUES SQL Injection Attempt',
AlienVault NIDS: 'ET WEB_SERVER Possible SQL Injection (exec)',
AlienVault NIDS: 'ET WEB_SERVER Possible SQL Injection (varchar)',
AlienVault NIDS: 'ET WEB_SERVER Possible SQL Injection Attempt DELETE FROM',
AlienVault NIDS: 'ET WEB_SERVER Possible SQL Injection Attempt Danmec related (declare)',
AlienVault NIDS: 'ET WEB_SERVER Possible SQL Injection Attempt INSERT IGNORE INTO',
AlienVault NIDS: 'ET WEB_SERVER Possible SQL Injection Attempt SELECT FROM',
AlienVault NIDS: 'ET WEB_SERVER Possible SQL Injection Attempt UNION SELECT',
AlienVault NIDS: 'ET WEB_SERVER Possible SQL Injection Attempt UPDATE SET',
AlienVault NIDS: 'ET WEB_SERVER Possible SQL Injection Attempt char() Danmec related',
AlienVault NIDS: 'ET WEB_SERVER Possible SQL Injection INTO OUTFILE Arbitrary File Write Attempt',
AlienVault NIDS: 'ET WEB_SERVER Possible SQL Injection Using MSSQL sp_configure Command',
AlienVault NIDS: 'ET WEB_SERVER SELECT INSTR in URI, Possible ORACLE Related Blind SQL Injection Attempt',
AlienVault NIDS: 'ET WEB_SERVER SELECT SUBSTR/ING in URI, Possible Blind SQL Injection Attempt',
AlienVault NIDS: 'ET WEB_SERVER SELECT USER SQL Injection Attempt in URI',
AlienVault NIDS: 'ET WEB_SERVER SHOW CHARACTER SET SQL Injection Attempt in URI',
AlienVault NIDS: 'ET WEB_SERVER SHOW CURDATE/CURTIME SQL Injection Attempt in URI',
AlienVault NIDS: 'ET WEB_SERVER SHOW TABLES SQL Injection Attempt in URI',
AlienVault NIDS: 'ET WEB_SERVER SHOW VARIABLES SQL Injection Attempt in URI',
AlienVault NIDS: 'ET WEB_SERVER SQL Injection BULK INSERT in URI to Insert File Content into Database Table',
AlienVault NIDS: 'ET WEB_SERVER Unusually Fast HTTP Requests With Referer Url Matching DoS Tool',
AlienVault NIDS: 'ET WEB_SERVER Wordpress Login Bruteforcing Detected',
AlienVault NIDS: 'ET WORM Rimecud Worm checkin',
AlienVault NIDS: 'ET WORM W32/Rimecud /qvod/ff.txt Checkin',
AlienVault NIDS: 'ET WORM W32/Rimecud wg.txt Checkin',
AlienVault NIDS: 'GPL CHAT IRC Channel join',
AlienVault NIDS: 'GPL CHAT IRC DCC chat request',
AlienVault NIDS: 'GPL CHAT IRC DCC file transfer request',
AlienVault NIDS: 'GPL CHAT MSN login attempt',
AlienVault NIDS: 'GPL CHAT MSN outbound file transfer request',
AlienVault NIDS: 'GPL CHAT MSN user search',
AlienVault NIDS: 'GPL P2P BitTorrent announce request',
AlienVault NIDS: 'GPL P2P BitTorrent transfer',
AlienVault NIDS: 'GPL P2P eDonkey server response',
AlienVault NIDS: 'NETBIOS SMB repeated logon failure',
AlienVault NIDS: 'NETBIOS SMB-DS repeated logon failure',
AlienVault NIDS: 'POLICY Google Webmail client chat applet',
AlienVault NIDS: 'POLICY Ultimate Packer for Executables/UPX v0.51-v0.61 packed file download attempt',
AlienVault NIDS: 'POLICY Ultimate Packer for Executables/UPX v0.62-v1.22 packed file download attempt',
AlienVault NIDS: 'POLICY Ultimate Packer for Executables/UPX v2.90,v2.93-3.00 packed file download attempt',
AlienVault NIDS: 'POLICY download of executable content - x-header',
AlienVault NIDS: 'POLICY download of executable content',
AlienVault NIDS: 'SPECIFIC-THREATS Palevo bot DNS request attempt',
AlienVault NIDS: 'SPECIFIC-THREATS Palevo bot DNS request for C&C attempt',
AlienVault NIDS: 'SPYWARE-PUT Spyeye bot contact to C&C server attempt',
AlienVault NIDS: 'WEB-CLIENT Portable Executable binary file transfer',
AlienVault NIDS: 'WEB-CLIENT pe compact binary download',
CHAT IRC channel join,
CHAT IRC message,
CHAT IRC nick change,
CHAT MSN message,
Category: Access/Web_Application_Access,
Category: Exploit/Shellcode, Command_Execution, Cross_Site_Scripting, File_Inclusion, Directory_Traversal,
Category: Malware,
Category: Malware/Backdoor, Fake_Antivirus, KeyLogger, Trojan, Virus,
Category: Suspicious/Web_Attack_or_Scan,
INFO TELNET Bad Login,
Invalid plugin sid,
SMTP AUTH LOGON brute force attempt,
SNMP private access udp,
SNMP public access udp,
SSHd: Failed password,
SSHd: Login sucessful, Accepted password,
TELNET login incorrect,
To view or hide the list of plugin sid click here,
pam_unix: authentication failure,
pam_unix: session opened,
